Name,Age,AvgDrive,DriveAcc,Greens,AvgPutts,Save,Money.Rank,Events,TotalWinning,AvgWinnings,V12,V13,V14,V15,V16,V17,V18,V19,V20,V21,V22,V23,V24,V25,V26,V27,V28,V29,V30,V31
Baddeley,23,288,53.1,58.2,1.767,50.9,123,27,632878,23440,69.7341083,68.74917645,70.07261422,70.35849213,71.15613276,69.911995,70.0108638,69.98190681,70.03889239,71.30511895,68.60979684,68.74401205,67.9637355,70.41736678,68.92973527,70.76457369,70.06392249,69.49345569,69.8248909,69.95493246
Scott,24,295.4,57.7,65.6,1.757,59.3,7,16,3724984,232812,67.50975222,70.39666351,70.31814461,67.43896953,70.88254136,70.68830753,70.95043589,68.59203401,70.36693038,70.47482943,70.38578044,71.14401824,70.85776576,71.26280182,68.43607845,70.37121695,68.88405601,69.4754756,70.1525221,69.61342296
Cejka,34,285.8,64.2,63.8,1.795,50.7,54,24,1313484,54729,71.40245863,68.74999016,67.99967666,71.74719229,70.30708616,68.71467726,69.93308466,70.57646437,70.20349052,70.38361348,70.90302127,70.21600643,68.86963417,68.14582938,68.71568528,70.05931701,68.94169792,69.40540664,68.24687788,69.39915518
Stolz,34,297.9,59,63,1.787,47.7,101,20,808373,40419,70.10920429,71.6714524,69.99809702,70.67868832,69.98848032,70.65346166,70.89583979,69.56798283,72.64020933,70.23900735,68.79928393,69.54810202,70.83856027,71.2474618,70.24527076,70.39292653,71.02214939,71.68092385,71.85869642,69.26492588
Atwal,31,289.4,60.5,62.5,1.766,43.5,146,30,486053,16202,70.9920657,70.74640212,70.3702587,70.04568465,67.31323357,70.39686785,72.06238985,70.98590375,70.33366543,69.37339734,69.32485951,70.3824136,71.79166166,69.7091259,70.71404305,65.97396671,69.35940367,68.31982133,70.21692002,71.14871681
Oberholser,29,284.6,68.8,67,1.78,50.9,52,23,1355433,58932,70.58713862,69.84428955,69.67060895,69.39765541,68.7098006,68.44683806,67.96356438,70.33907333,70.743145,69.15547386,72.55754301,71.17689661,70.33919681,71.03104177,68.78333293,69.51314362,70.50335152,69.75674954,69.90186804,69.27893954
Bryant,42,282.1,74.2,68.9,1.777,40.4,80,23,962167,41833,67.14522429,70.29542897,67.44434765,69.2389167,68.74013487,70.93632824,69.85023057,68.36002342,68.60174414,70.26081804,68.75275394,70.24699826,71.24193131,68.44473235,70.5754508,68.40685166,69.8807867,68.12269102,69.1113559,69.7746973
Crane,28,283.8,64.4,64.2,1.74,53.8,75,27,1036958,38406,69.56248511,68.49562331,69.49412241,71.15066248,69.92137273,70.43562116,70.07902982,70.976245,71.06454634,69.48002906,70.44975825,70.23875306,69.02742282,70.03233615,69.70182648,69.32720831,70.12840395,69.93248384,70.13862516,70.4436856
Curtis,27,282.1,64.3,63.4,1.809,42.2,141,20,500818,25041,69.92283621,70.41560835,69.89019348,70.6480861,70.83868989,69.66750438,71.05851757,69.90777241,69.91575919,70.38274137,71.15589108,70.39190898,70.05138625,70.27683245,73.22944475,69.1906602,69.0769269,69.79871558,68.71254544,71.03533811
Langer,47,282.2,62.6,65.3,1.777,47.7,83,15,943589,62906,69.29981644,71.50638422,69.79154829,69.67713842,69.80421933,70.34184527,69.90989055,69.86936517,70.60056503,68.49717085,68.16480156,69.65648093,69.57780597,71.40428575,68.53921881,70.05077128,68.72067932,72.26392772,70.43433951,71.277319
Andrade,40,283.5,59.7,64.4,1.773,50.5,124,31,631143,20359,70.52564229,69.39090635,69.82914949,70.07054843,72.33572562,69.71565472,71.13824637,68.77795912,69.35523762,69.70797271,69.44334965,70.23542347,68.29714667,70.0880921,69.63584225,68.85548053,70.38093806,71.54129581,70.51005176,69.15158945
Mayfair,38,285.2,70.1,66,1.829,49.7,140,32,503252,15727,71.13701897,70.7425644,69.78150863,69.8462391,68.420843,70.82563064,72.16663439,70.01747514,70.160875,68.98576486,71.01546799,70.22562132,70.06998735,70.48947236,68.84897013,70.56440197,69.86557592,69.97424344,70.74424209,69.58091256
McCalliste,46,280.9,63.4,63.6,1.808,42.3,198,27,162701,6026,70.81193901,69.03551405,68.81336075,69.19728278,69.06627023,70.15680936,70.38860523,69.5527508,69.68448733,69.69087546,70.20602761,69.98069344,69.58816421,70.10694038,69.02074024,69.99181569,70.46866539,69.56009925,70.19513581,68.32951787
VanPelt,29,294.4,65.1,67.7,1.768,43.1,39,30,1553826,51794,69.32304581,71.5746354,71.26647785,69.30267061,70.69224769,70.38592625,71.20469523,71.70053915,68.22537577,68.24156533,71.47491856,69.59596272,68.87894897,69.02748084,67.86196433,69.77113823,71.39317657,71.6095652,71.63707088,69.04168596
Burns,36,276.1,67.2,62.3,1.769,51.9,130,30,581421,19381,70.54379315,71.47530728,69.84628418,70.24608241,69.21194375,70.99342664,70.60250551,69.86023254,70.31241753,70.02734869,69.85858066,70.81456799,71.00595947,70.47917012,70.47087967,70.37600569,71.11917488,70.28916761,68.91132187,68.62059807
Estes,38,278.2,63.9,64.2,1.756,44.8,74,23,1046064,45481,70.78606916,71.77131478,71.36727177,69.59991063,69.16123439,69.43206881,70.12977126,69.67139484,70.20500073,70.81271597,69.33629798,70.30513747,67.27951759,70.02515962,69.27513601,69.57410595,68.83338798,68.4503109,69.773074,68.86992513
Tway,45,278.2,63.7,64.8,1.788,46.9,79,26,966554,37175,69.27334551,69.32800967,69.52378579,69.97156852,71.00090777,69.02578432,70.15471472,70.40841873,71.53083096,70.15510547,70.85525997,71.70554491,70.84658528,69.42890766,69.75450044,70.56711651,70.59592725,69.35182953,70.44457593,67.79048199
Faxon,43,273.7,61.6,61.4,1.749,52.9,76,28,1016899,36318,69.53889732,68.17155706,71.04454229,73.00763296,70.91691491,72.5956062,68.30530623,70.03284333,69.85126356,69.73197087,71.36421331,68.29812025,69.73263086,70.06127906,69.25075328,70.32392248,70.92564627,69.74015959,70.46336278,69.35080191
Pappas,34,298.9,50.1,63,1.759,55.6,137,34,524907,15438,68.50823094,69.29877839,70.55919045,70.27549171,68.48043846,69.63952432,69.95409147,69.88585527,69.44982378,70.49700154,69.92954148,68.96246925,69.41920779,70.72904215,69.82292283,71.12494341,70.48625265,69.70319112,69.18703287,72.03740571
Geiberger,36,291.3,64.8,64.9,1.775,49.3,57,31,1259780,40638,69.83848058,69.77277685,70.03763024,69.03685232,69.84748371,68.85119152,70.4898108,70.48287244,70.29835045,71.19463075,68.84601962,69.6114549,71.42370522,69.60084876,68.36391372,70.76010321,70.06382481,69.60176,69.70023196,68.86267425
Quigley,35,294.3,57.2,65.8,1.78,52.7,97,31,836382,26980,70.44760078,70.34216784,70.11640076,68.41894745,69.06227019,69.12546767,69.69012632,70.85557744,71.28988719,71.53611366,69.42789071,70.07028541,68.61470525,70.23367122,69.74881878,72.52333348,70.48541319,69.23813237,70.39269082,69.7534149
Bateman,31,292.2,66.1,66.6,1.766,48.5,86,24,919256,38302,69.87609795,70.29821648,70.07709897,68.70886013,69.04702297,67.90327761,70.06000212,68.78073154,70.98170899,69.74155585,69.97730801,68.96283056,70.65649931,68.1832911,69.23791829,69.52363028,70.35484881,68.48911938,70.20685864,69.44411467
Gay,33,279.7,64.8,61.5,1.737,52.2,122,32,645196,20162,69.3981675,69.72012518,70.23468906,69.52596172,68.99431713,70.60744043,70.41500038,70.69030077,70.84738588,67.47163417,69.61682552,70.81963129,70.69557535,70.04600156,71.38713651,70.20817103,69.75088317,70.45100045,70.65125686,71.39588051
Kortan,33,292.4,63,62,1.844,52.1,200,24,159939,6664,70.92980378,71.34984379,70.651604,70.77880914,69.23026727,69.22657062,70.53680427,69.91455787,70.12149837,68.24504981,69.22319016,69.97455359,69.27386321,70.84269945,68.99923062,70.1841199,70.04085137,71.48944223,71.11549399,70.23470804
Baird,32,289.4,65,70.6,1.78,42.1,69,30,1156517,38551,69.27122691,69.41664059,69.49628448,71.25076276,70.90317574,69.0165584,69.52434584,67.88013829,69.2397324,70.1590499,70.15640664,69.60048215,70.12448882,68.11147817,69.94987331,70.05809872,70.24686686,70.59802691,71.77803293,68.45009488
Beckman,34,291.2,66.5,67,1.771,47.3,107,30,779189,25973,70.07177944,71.30413289,70.2600451,70.11368721,69.86435319,69.34161037,68.72524028,71.379556,70.98208609,71.03314987,70.80682273,71.44670064,69.02788023,70.95573558,70.06423547,72.97483413,70.30827317,70.152947,70.19526943,71.88776974
Pettersson,27,290.8,61.1,64.5,1.733,52.9,51,28,1367963,48856,69.73140662,70.993362,69.02578578,70.97620489,69.08371892,69.68270382,70.41064587,68.30564522,71.40704995,68.66295037,69.00536273,69.57858263,70.49059066,67.39989142,70.26290536,69.14578826,70.1033911,71.24860926,68.28389331,69.62344845
Franco,39,290.6,59.3,67.8,1.798,47.1,29,27,1955395,72422,69.84843024,69.70468172,70.19347078,69.54812587,69.69759565,70.41909882,69.01612861,69.52693475,69.45822745,68.25446917,69.71488899,69.72417011,69.41396334,70.30745744,70.06449345,69.79116265,69.69692387,69.18030879,70.42784455,70.41850254
Campbell,30,288,63.9,67.7,1.799,46.1,24,28,2264985,80892,69.65104626,68.86068929,67.86699961,73.48736957,70.99604535,70.41714606,70.48581811,70.15292415,70.64324866,71.30309632,70.02498858,71.37792983,71.19909763,70.43024979,70.53994206,69.99159603,70.68138524,71.14782818,69.1443997,70.45292817
Howell,25,288.5,64.3,66.1,1.802,48.9,33,30,1703485,56783,70.26557403,70.65165219,69.84626947,68.89039437,71.03749736,69.31866743,69.98562076,71.15289949,68.59087376,69.63828005,70.91681598,67.98265812,71.40915142,69.51501254,68.98433228,70.12447549,71.43704717,70.25063569,69.34892348,70.67345421
Couch,31,302.1,56.2,60.8,1.796,34.2,217,24,100283,4178,70.8090602,69.98041109,71.82741699,69.71693142,70.00400903,69.37993561,69.4560862,71.38006497,70.33794537,70.18253353,70.7523094,69.90477139,68.4515721,70.93784839,68.32548636,69.68084258,70.77052172,70.01123053,70.32198128,70.0157486
DiMarco,36,277.3,68.6,67.1,1.752,50.6,12,27,2971843,110068,69.64232694,68.21029594,69.62831574,69.68000334,69.55846316,69.93408297,68.95206862,71.86587276,71.0813211,71.68345858,69.04201589,69.80160325,69.02069704,70.83407403,69.13964976,69.56739203,71.11677187,68.37631244,69.34525969,69.79982947
Riley,31,277.3,61.8,62.5,1.766,51.6,56,23,1292732,56206,68.46047021,69.80736873,69.97506886,69.44761527,68.59776603,67.08722966,69.50010621,70.37608337,71.66199759,70.6635495,70.95528869,69.53531716,68.91338265,71.72488985,68.84440309,69.4607663,69.4038232,68.82101422,70.8031845,69.20488444
Smith,35,304,59.5,70.4,1.811,33.2,115,33,692785,20993,70.17090677,69.61240653,69.83206317,69.78212826,71.54992918,69.95976921,72.26769843,69.74537949,68.83236421,69.30398602,67.25868069,72.2155441,67.95816675,71.6640776,71.15777307,68.48677392,71.06044675,71.36256567,71.00964649,70.64068314
Kresge,36,283.4,62.8,60.5,1.802,45.7,175,33,258061,7820,69.84692677,68.12435281,70.9023802,69.02850743,70.61030855,68.73533826,71.26412903,68.96397024,69.285395,69.40464277,70.04274622,71.02108042,68.36342173,70.71633824,70.68278379,69.91251792,71.07660296,70.25629298,70.9161573,67.77156312
Pavin,45,268.2,71.9,62.1,1.762,57.4,89,23,881938,38345,72.2997422,70.26387554,68.73971837,71.04727788,69.35200658,70.7473749,69.74421999,70.53442782,70.0982193,70.27050347,70.15598215,69.11098454,69.11265067,69.86049557,70.03280447,69.46203207,71.20144419,68.9876491,70.90357595,69.47654485
Barlow,32,291,67.8,67.7,1.787,52.9,128,25,595820,23833,71.18386896,69.44662939,69.14225853,70.92063494,69.73228369,68.39879005,69.73447892,70.41958186,70.50776537,68.47184414,70.91256011,69.00795192,71.3801101,70.33975189,69.51205592,67.96496681,70.01201539,68.4010712,72.25271171,69.83374643
Bowden,36,270.8,76.1,62.9,1.791,53.1,143,30,494569,16486,70.65056089,70.83196384,70.46876726,68.6582941,69.45582718,69.45215529,69.07955121,70.69155744,69.86244681,68.85765155,68.35047152,68.93919954,71.59140353,70.61904561,69.66174918,69.98341216,70.35365869,70.11654731,70.43835858,69.04303788
Parry,38,276.9,63.5,60.7,1.797,55.3,55,16,1308586,81787,70.3390493,70.28828208,69.72224853,69.40954465,71.32482783,70.07618816,68.97594642,70.56453374,71.26613074,70.7403224,68.44877116,70.0416443,68.89493669,70.70789934,71.08103076,70.79164657,69.17248648,68.93778604,69.58173917,69.34121551
Perks,37,289.4,54.4,63,1.815,50.5,152,27,423749,15694,69.90772706,69.83044954,69.84625435,69.86764958,72.61657074,70.6868223,69.89155047,69.27236338,68.30844975,69.48363741,70.61419709,68.98739665,69.4462508,70.39998734,69.23959603,71.482261,70.83744674,68.36239362,72.26220481,70.17618505
Brigman,28,290.7,63.9,65.8,1.81,49.6,160,27,356943,13220,69.56291306,68.05617843,70.11513867,71.84774648,68.92239265,69.6689659,70.31229206,69.72034772,70.51175932,69.37876212,69.65693264,68.75985171,69.84587406,70.41290506,69.10067858,68.34229389,71.82930268,71.35273255,71.76263453,71.52193591
Forsman,46,281.9,64.3,63.1,1.811,62.3,165,28,315540,11269,69.89344816,71.01832892,70.36781804,69.08736094,71.7961237,70.82605418,70.14327184,71.10630012,71.01828249,70.25059057,69.32452295,69.14521567,69.74980739,70.63752058,69.51588999,70.51226766,70.19355527,69.46315462,70.78030808,68.9772115
Olsen,37,296,51.5,60.7,1.778,41.4,207,31,135731,4378,69.97612539,68.7351023,71.2116868,68.80325986,68.53255411,71.47760219,71.02014666,70.02696865,70.57324035,70.99509157,70.07583571,71.20769194,70.73054638,69.21003667,71.15488035,71.19292809,72.02683561,71.29836797,71.35279145,71.09288082
Chopra,30,295.9,58.6,63.9,1.748,52.2,108,33,763253,23129,70.45907034,70.26369415,69.83237655,69.21406276,70.29221755,71.57451132,68.88347324,70.21782824,70.54239155,69.01152072,69.49237744,68.5187317,69.12566304,70.56341806,69.80478488,70.9557693,70.15497429,71.40302614,69.05646395,69.49386718
Briggs,44,283.8,65.5,68.1,1.792,45.6,157,28,397606,14200,68.73239226,68.2047935,70.74870039,69.67316247,69.67733271,70.95410051,69.04418039,70.74011098,71.53540236,69.8635596,69.24389265,68.97172232,69.47116908,69.52761983,69.18677473,68.80793403,68.67262577,70.37882616,68.11967764,69.3119059
Ellis,34,286.7,62.9,63.9,1.757,54,144,26,490414,18862,68.71293029,70.74846987,69.49221247,70.55519892,69.1934059,70.83027564,69.53682155,71.00015355,69.55346744,69.63657156,70.90919715,69.5302445,71.08909194,71.57128529,69.87557433,69.94312607,69.21694766,69.06083719,68.99939608,68.60323683
Clarke,36,289,62.3,64,1.745,46.2,28,16,2009819,125614,70.02616795,69.43989715,68.15872062,71.19557181,71.45482217,68.33047069,70.40895296,70.59886406,71.01280261,70.40160605,72.12960511,70.10364057,68.81493047,69.32806321,71.18157648,71.34391969,68.53330394,70.76253113,68.27039738,71.04030414
Branshaw,35,285.8,66.6,66.2,1.796,43.2,169,30,293617,9787,70.5057343,69.52937125,71.38049431,68.37189147,69.05758935,69.74876394,70.42130769,69.77466379,71.39076761,70.50035805,70.70356882,69.65794443,71.61485795,69.48079963,70.1741348,69.54289966,69.95016747,70.21415155,68.08506678,69.03408011
Frost,45,273.6,66.1,63.7,1.802,60.1,155,26,402589,15484,70.2858055,70.95023767,70.58364463,68.79689241,69.65495981,71.66029189,69.06066917,69.80848849,68.03215426,69.5083282,70.94506482,70.07412878,70.15599614,70.99952182,71.03851015,70.08883561,69.42069855,71.13413013,69.37365343,70.2656367
Gossett,25,283.8,54.4,54.7,1.847,47.7,245,25,21250,850,70.96189533,69.06686008,71.40817857,68.03823821,70.5213606,68.31341437,71.6207047,69.32098235,70.86945408,68.8399223,71.08348309,70.35728613,68.75270293,69.71745238,70.54977621,69.31509574,70.67427858,70.11505838,70.57178011,69.34124367
MorlandIV,35,272.8,69.4,60.1,1.786,49.2,197,27,164435,6090,71.3393349,69.50874851,67.65692737,67.57311158,70.46583823,70.75697431,69.58113739,69.81111233,69.33965062,70.18805849,71.38487135,71.15437851,68.67303275,69.74192302,70.8997494,69.84878828,69.42008528,69.52069849,71.63072728,68.92425761
Peoples,44,281.3,63.7,64,1.779,50,147,26,479465,18441,71.77713647,71.11099741,69.42245955,70.1355967,71.73055288,68.99779837,70.82013479,69.5354902,71.69127096,70.54366623,70.05165735,70.03516495,69.11880393,69.79341288,69.18659498,70.89075735,70.20321887,69.13784757,70.92024462,70.79302469
Toms,37,285.3,63.4,68.5,1.758,55.7,22,24,2357531,98230,71.65386445,69.84926609,69.44081672,69.76102487,69.95858285,70.76879363,69.30850153,70.87461757,69.75528666,69.70177165,69.83128505,70.10296773,70.62117648,69.27666694,70.76552801,70.67698956,69.76349364,69.82898696,68.31244153,69.19165143
LoveIII,40,300.1,60.1,63.4,1.753,51.9,10,24,3075094,128129,71.06207057,71.2862927,69.58627377,70.3554179,70.05283739,69.4522477,69.61948004,70.3749785,72.09333762,68.36365215,69.51736945,71.95552718,72.15759351,70.5737915,70.48712629,68.56292906,68.87735705,71.06626683,69.78678501,68.97096318
Wilson,34,282.2,63,62,1.755,52.4,133,33,561341,17010,71.09549165,70.56625524,70.13332784,68.61667906,69.72255568,70.53886031,70.71623008,71.16212259,70.53165896,70.79773133,69.04659712,70.14408047,70.36022822,69.63184771,68.98577897,71.40617241,71.53151703,71.16973115,70.62045073,71.5162111
Pappas,37,295.3,60.1,63.4,1.776,44.1,161,22,346632,15756,70.20924943,70.82946136,70.28835866,69.47200193,69.73672943,68.68192553,70.81717257,69.30167291,70.15310621,69.5584164,70.69666862,71.40755404,70.63759034,70.55168162,69.45762159,71.87747219,71.09945309,70.0324862,69.45284798,69.98615448
Paulson,42,300.1,60.4,63,1.774,61.1,117,21,677035,32240,70.2718421,69.60426463,69.95142551,69.70202241,70.69150633,68.29418041,70.76749591,71.22515239,69.86716395,70.62149138,71.31869316,70.33243728,70.71576188,69.68750354,70.88772607,70.79004264,71.27630162,71.8552192,70.82784019,70.943142
Pride,35,280.5,68.3,62.6,1.842,41.5,184,23,230329,10014,72.1163239,70.71015048,69.10195484,68.42445624,69.89888669,69.14318315,70.13715031,70.1249158,70.01262231,70.54267714,70.24647157,69.89629335,69.2287714,70.38797269,70.59232926,69.16910286,69.50139345,71.46207805,68.8619914,68.21915454
Hart,36,285.6,63.1,64.2,1.784,45.6,92,23,854638,37158,69.75106975,68.22490779,71.3212274,70.05039943,71.39434763,68.16971945,69.6077576,71.12278632,70.89172924,69.90934181,70.32221148,71.87418174,68.91176183,68.928918,70.97282127,68.17498674,70.09254237,69.76588326,70.80258278,69.58949125
Waldorf,42,285.4,68.6,69,1.77,41.3,46,26,1487912,57227,69.21496847,67.95812141,70.28330749,70.16893138,70.11133898,71.5728416,68.51365728,70.77950995,69.05107966,69.52978087,69.65708324,68.56390425,69.38458309,71.06319984,70.87618101,71.46678465,70.59978457,69.56501826,69.86531842,70.53979363
Els,35,298,55.5,65.6,1.74,47.9,2,16,5787225,361702,70.13398851,69.7083263,69.4642337,70.27260913,69.21593055,68.29508881,69.2687132,68.78556573,69.67737272,70.90658931,72.25742104,68.85253594,70.15826177,69.27131097,68.87374191,69.49657005,68.95441754,70.29018101,68.66066998,70.53490951
Toledo,42,275.2,67.8,60.1,1.795,51.8,211,36,115185,3200,70.93220593,69.80346703,70.16780795,70.72365258,70.5807326,69.35859398,69.63708682,71.67362745,70.36986837,69.96772997,69.89977074,70.24862777,70.67081678,71.56390699,68.82509645,69.44632269,70.41799804,71.0770777,71.52284067,70.01181924
Lickliter,35,287.3,66.6,64.8,1.759,40.8,58,27,1259235,46638,69.87083856,70.95920234,69.95150047,68.81286638,68.19698435,70.26000616,69.46858326,70.40611835,70.43515597,70.87460353,69.64984965,71.27685451,70.6284247,70.53781319,66.92778979,69.26124746,70.81964299,70.29424184,68.85376391,70.95110374
Couples,45,294.5,58.8,66.3,1.781,47.1,50,16,1396109,87257,69.36064031,70.46940608,70.6491852,69.78619854,70.30196017,70.8327839,70.06645774,71.16717842,69.35259412,68.17933036,69.18222375,69.27751565,68.31695356,71.35190265,70.42818223,71.08040887,69.19265739,68.82396812,73.821356,72.66730094
Funk,48,271.9,77.2,65.5,1.769,54.6,25,29,2103732,72542,72.28972004,70.23472181,69.62973002,68.95629632,70.53241392,68.77776957,69.0677878,67.91236763,71.4957747,70.24399263,70.64701053,68.23056812,69.04136472,69.61590587,69.83084812,68.6201436,69.13652767,70.10416168,69.42182055,70.33289365
Jacobson,30,287.9,55.6,64.4,1.75,43.9,59,24,1259048,52460,70.29068198,70.48319105,69.91721405,70.81975235,69.94940756,71.35002623,69.41603328,69.10597986,68.77233352,69.17633582,70.47737833,68.06365272,71.59467049,69.70521805,71.02382441,69.60020364,69.53251138,70.94140515,68.21722756,71.16610334
Sauers,42,280.2,66.2,62,1.788,42.7,170,30,287150,9572,69.80532735,69.42439944,70.65049947,69.3349768,70.65130682,70.124883,70.06868882,69.88493007,71.29029932,68.73698208,69.92592926,68.66797055,69.53040948,70.6992798,70.61049381,70.64494027,69.72505728,68.25501741,68.23884142,71.72627506
Ogilvy,27,303.3,63.2,66.9,1.752,61,61,26,1236909,47573,69.69243079,68.07155564,69.22445613,68.33318902,70.839863,70.64939544,69.93865624,69.94737613,70.79862135,70.544043,67.75250879,69.14020595,71.75361643,69.56564504,68.49455423,70.74066615,70.6888745,68.59829629,68.57783615,68.85668515
Day,39,286.1,65.6,61.8,1.749,47.5,138,33,519935,15756,70.51317365,68.7760564,71.65259791,72.29985094,69.69963341,71.15078492,67.94393248,68.98771191,70.55300024,69.13515646,69.82431237,71.13010402,69.09412265,68.70331709,71.34372298,71.11680338,70.95450228,71.627581,69.88929335,69.41484863
Waite,40,288.3,59.4,62.8,1.808,43.8,180,29,239319,8252,69.58483051,69.14394928,72.06496917,70.93565858,69.63942761,69.50585645,70.03265113,71.11384178,71.80267233,70.46617422,69.50283445,70.54840614,69.2108456,71.81619153,70.93006119,70.18642878,68.73677493,68.9767587,69.21786818,69.40904842
Chalmers,31,287.3,61.7,60.6,1.726,57.7,156,22,402380,18290,70.65346069,68.7822548,70.14690943,70.95488573,69.36200978,70.67766407,69.61425995,71.05823246,70.18410329,70.06735941,70.35655636,69.66782214,69.37937447,69.98771991,70.77717963,71.59919629,70.58193758,68.77798731,69.95828515,71.18112854
Boros,40,281.1,66.3,60.3,1.81,42.5,208,24,130783,5449,68.71896832,70.41045684,70.39817722,69.45386438,69.24335256,71.43067076,69.00660615,71.1975666,71.15133175,71.0254042,69.48929243,71.11018692,69.58113963,68.92829332,69.89353246,70.61414662,69.73115111,70.94543442,72.48793656,69.40055997
Kuehne,29,314.4,49.9,62.9,1.765,59.3,99,30,816889,27230,70.10164517,68.80101056,70.10862285,69.50669785,69.95026792,70.22364533,69.31796413,68.82748379,70.96090989,68.79743352,69.91822831,69.15385078,71.47470757,70.13680795,68.8707123,68.06141807,69.73547294,71.25164899,70.60403433,69.40648048
Frazar,33,298.8,64.3,65.2,1.748,51.7,48,25,1446765,57871,70.31690229,70.36892883,70.52482759,70.83512854,70.06172159,70.49027674,71.21622227,69.65332682,69.48743012,71.51317867,68.38889555,70.6587069,70.88170094,70.7766371,71.2287436,69.99711873,70.62922265,69.52905563,69.89989003,70.65689329
Slocum,30,280.1,71.3,67.1,1.788,54.3,72,31,1066838,34414,71.51814122,69.78066471,69.10091608,69.40921811,71.05201516,69.10100582,69.19425427,68.14960791,70.29685682,70.76446312,69.33421866,71.02324266,69.84024219,68.32494618,70.93828671,70.93057434,70.01282113,69.57956588,70.38575466,71.67123888
Tanaka,33,281,72.3,66.1,1.78,41.6,104,27,795206,29452,69.67345868,70.52947996,68.7122145,71.15385429,70.63343012,71.51709476,67.84703689,69.39488989,70.58252452,70.8742125,69.95306165,69.66442906,69.27859971,68.79408105,70.31781078,69.87795282,69.31028224,70.40576749,70.48302911,70.15304801
Miyase,33,279.7,70.6,60.4,1.823,43.9,199,27,162120,6004,70.58449597,69.23991483,70.24439481,69.78780336,68.75066281,69.72105847,67.844703,69.76480764,69.83128251,70.25019114,71.16456052,70.27488172,68.66687948,69.59651394,71.7721561,69.04075506,70.96964852,70.51969924,71.00569471,70.6464228
Mahan,22,293,62.2,63.7,1.775,45.8,100,30,813089,27103,69.86240482,70.38517009,70.70706199,70.99195105,71.05819081,68.62935599,67.95196575,69.37681218,69.82437819,69.90748177,69.7462524,69.39991771,68.40225039,70.77799831,69.27634036,69.99165569,70.61911414,68.81979893,70.84239282,69.69805328
Henry,29,301.3,64.5,66.6,1.788,41.7,93,30,848823,28294,69.61261015,70.50394392,70.38274191,69.68053014,70.51098544,70.6257694,67.98593627,69.17790029,70.64198705,69.88835816,68.71320768,69.53506737,70.39152779,70.21515214,69.64423848,70.53641529,70.72446067,70.07752107,68.06972188,70.8000462
Lewis,44,288.3,65.5,65.8,1.769,49.1,102,32,807344,25230,68.47573933,71.74817528,69.440301,70.66443695,70.83984377,70.56379159,71.04598366,69.03770456,70.98105323,70.44153674,68.1942665,69.10278507,70.92870245,70.99296456,71.68749033,70.10050813,68.20430725,69.73265092,70.03283264,71.53809935
Hayes,39,280.7,67.7,63.6,1.776,46.2,174,27,260816,9660,69.80033781,70.42209942,69.76174882,70.27682622,69.73453015,71.07717743,72.22719718,69.30752621,69.60094814,69.95396949,70.2322179,70.28994949,68.95247485,70.11290463,68.58682933,69.44309008,70.80276301,70.91429185,69.43384623,69.59385792
Bohn,31,293.3,65.8,66.8,1.778,42,131,29,567931,19584,70.51521459,69.89348313,69.87472007,68.98973599,70.09851319,68.67293849,68.97485877,69.39644321,68.65961633,70.77669957,70.82967662,69.764998,70.49046576,69.16951473,69.65237209,69.77169396,70.14493994,69.92405352,71.0019891,69.79949577
Dufner,27,290.7,62.5,65.3,1.79,52.5,164,28,317770,11349,69.83518476,72.1956277,69.44631441,70.10543238,71.28329411,70.63683274,68.81999495,71.32726318,69.6919345,69.93790981,69.81542617,69.81664411,69.64097762,69.87615663,70.62650639,72.28001911,70.27524725,71.29932147,70.71294344,70.1126988
Delsing,44,288.8,62.1,64.5,1.797,51.3,193,26,190184,7315,68.33358072,70.0094893,67.6634777,70.16397482,69.26024701,69.80762995,69.65676803,70.40119767,70.40104962,68.80948195,70.80957251,69.82474373,69.13683767,70.80644002,70.56226247,69.82352228,71.06451712,70.00540414,71.22783125,70.01882998
Haas,51,274.5,65.4,66.9,1.758,56.1,27,23,2071626,90071,69.78363352,70.49464537,69.61070487,71.55127464,69.188271,68.5472447,69.69335312,69.86540188,70.09796668,69.29463434,70.99223148,71.32251369,70.15510465,69.48526688,68.86746173,69.74795489,71.00787613,69.06758961,72.09690215,69.2170129
Williamson,37,288.1,69.3,65.4,1.776,56.3,120,33,660038,20001,70.80551183,69.97369945,70.02975374,69.75118871,71.00938632,69.51677018,71.44270905,71.05962898,70.27424834,70.35190729,70.14151441,70.10508169,70.94243273,69.61794372,68.20875393,70.50938846,68.72360388,69.48103144,71.14148005,69.96217916
Brehaut,41,290.9,71.3,66.2,1.81,46.4,149,34,448914,13203,70.63036681,70.44152882,71.06349375,68.94238008,68.79033485,69.69993445,72.20895582,69.01608934,70.19047727,71.0276118,69.50598723,69.75136515,69.52022534,69.78491037,69.39388847,68.3305024,71.97554782,70.03029281,70.16073305,69.71148965
Maggert,40,281.2,69.2,67.5,1.789,49.5,43,20,1527883,76394,70.56489268,71.54135953,69.57979676,70.50274656,67.86814744,69.21776785,69.59691291,69.14891174,70.2974764,70.07031004,69.25875079,69.77024749,70.48281736,71.67010173,70.63540435,70.14538279,69.31763055,70.6066989,70.62202288,69.31624767
Sluman,47,279.6,67.9,68.8,1.777,45.9,77,28,1007635,35987,70.08630733,70.38791538,70.12196737,73.02131494,69.55570418,69.72202461,70.23344841,71.20711289,69.26404852,69.06241219,70.55936769,70.52142978,69.13992614,71.43549492,71.04187969,70.8526524,70.70573293,70.58243525,70.38416342,71.17378427
Kelly,38,278.1,70.4,68,1.763,52.8,17,29,2496223,86077,71.63782021,69.27990459,69.66460333,70.75448811,71.23755179,69.05267159,70.30298949,71.99765322,70.97400042,69.06846347,70.82273236,69.09751894,69.8347581,70.16474276,68.70329376,69.38270176,70.64034106,69.73203799,70.36799348,69.21290926
Parnevik,39,287.9,60,66.1,1.759,51.9,40,24,1550135,64589,70.07495972,67.96203242,68.40276601,68.52583718,70.28143737,68.20704065,68.95310456,70.58119372,69.80782282,69.36254,71.6719782,68.36789015,70.32852416,69.99754269,71.22257079,69.63387723,70.03112645,69.39419571,69.75149501,70.94773922
Durant,40,287.2,75.1,73.3,1.798,41.7,81,26,952548,36636,70.57519775,70.23791419,70.74572276,70.06446551,70.5034413,70.78707128,71.75286342,70.22225288,70.67082538,70.43636038,70.50601658,69.54604117,71.54028662,70.02990492,70.87799243,70.29623971,71.68287177,70.96925902,68.78520316,70.14229066
Ogilvie,30,288.8,61.3,62.5,1.755,47.7,49,32,1443363,45105,71.56948823,68.50793235,69.12949496,68.21552959,70.21090817,69.31724398,68.32968023,68.37339179,69.6064167,71.56314936,70.36444151,69.03753004,68.84176251,72.33159337,70.00937932,69.29469822,71.02644633,69.13373812,70.30765856,70.64127392
Sindelar,46,291.5,65.6,67.6,1.811,35.1,41,31,1536882,49577,71.14049113,70.59803923,70.19528506,69.85922034,70.38519588,71.20528075,69.22144295,70.40157303,68.76661921,68.7452148,70.85557248,70.13717497,70.53823558,70.11219097,68.83584794,68.19224545,70.00672248,67.67016243,68.68408722,69.20809612
Cook,47,270.2,73.4,66.5,1.789,50,189,19,210448,11076,70.45364616,69.05488746,68.77555345,70.58744216,69.43947638,70.12817357,71.53176023,67.94755084,70.84003408,70.13564299,70.33234487,69.52312934,69.08217886,68.8415489,69.76238258,68.91084767,69.54775689,70.91395207,68.85224804,72.05764285
Daly,38,306,53,66.4,1.736,54.8,21,22,2359507,107250,70.91425643,69.28610813,69.00099932,69.49646417,68.82290907,71.3901325,71.66210184,70.39149445,68.34951935,70.81437769,70.73019084,70.45423847,69.43232422,70.62778756,71.51902215,68.15871951,68.67170775,69.98421333,70.59074547,69.67805389
Huston,43,286.4,65.9,68.8,1.804,55.9,90,20,874280,43714,70.03011815,71.52792693,69.24276013,69.30618799,69.1708907,71.23777019,68.90972039,70.47024833,72.38448198,68.78260139,69.47880664,69.83335927,68.9082558,69.40640556,72.23709789,70.31753911,72.26742713,69.43152924,70.73274793,69.52546217
Riegger,41,285,61.4,67.1,1.773,38.9,153,17,423263,24898,68.6033556,69.84338346,70.85698008,68.36725017,71.7120198,70.72286097,70.4382145,70.87052962,69.92366893,67.88675228,70.69452523,70.5371078,68.99172011,68.687871,68.58930534,71.85009087,69.7918366,69.75907275,70.14758608,69.01479255
Rollins,29,286.7,69.1,62.5,1.764,46.1,109,29,737957,25447,71.46980747,71.54726143,67.70610735,71.14927592,69.76138495,69.9705852,70.29949152,71.40401095,70.27306201,68.4724919,70.64650838,69.93217986,69.84405389,70.26816662,70.04166949,71.04690203,69.48663564,70.99978281,70.18577819,69.29850772
Senden,33,296.6,65.6,70.5,1.791,50.6,114,28,698203,24936,72.05563659,70.34871909,70.1422743,70.15287924,69.99414632,71.12889252,69.09904976,70.41814765,70.03793662,69.29532432,69.13797917,68.55902643,70.75289997,71.98845497,71.26614372,68.44982412,70.65149585,70.41847143,68.87197348,69.15970521
Byrd,26,295.8,62.1,61.4,1.76,56,70,27,1133166,41969,71.45777372,70.05494477,70.85122085,68.85630143,68.40413014,69.82928144,68.96092302,69.6332828,70.79578551,70.46981356,67.86937588,70.61680842,70.13694081,70.68522363,68.8561363,69.27277301,70.73489917,69.95495627,70.44678626,69.96630162
Kaye,34,290.9,64.7,66.5,1.803,42.2,34,25,1695333,67813,71.45323914,70.08447058,68.5128197,68.76853975,68.92032779,69.84347051,69.46626242,69.53633602,69.58701562,69.4030525,71.35582512,70.78000169,67.77189739,70.30025157,70.89663896,71.72019528,70.52615709,70.48467684,69.21264651,71.05636906
Coceres,41,279.4,74.3,63.3,1.754,61.7,106,20,779197,38960,69.20875503,67.88620062,69.56042851,70.39583452,70.05589024,70.0581569,71.01976988,69.17908187,70.96584212,70.05875186,70.52721175,69.63127034,69.16592907,68.81366954,71.34112904,69.4697703,70.68861829,70.05465577,70.47311768,70.57384717
MariaOlazab,38,277.7,57,62.5,1.745,51.2,142,17,495051,29121,69.48011227,68.3505947,69.61346654,68.75800789,70.66925789,69.2927846,69.95764121,69.56059446,69.50305831,69.8741464,69.54353256,68.04449151,69.69232029,69.61447242,71.0099608,69.31717121,68.69368459,69.44550282,71.1629411,71.66113539
Leonard,32,282.9,67.4,66.1,1.769,54,42,25,1531023,61241,70.23957755,69.05798656,68.61980562,71.05216195,71.45974198,70.23704274,69.89512221,71.03527641,69.09857367,67.82536192,69.45202833,70.45100209,70.75316623,70.62460491,68.70424054,70.2469848,69.10806975,68.84545945,69.93146412,71.34108217
Rose,24,290.7,61.5,67.7,1.762,49.4,62,22,1236765,56217,68.75693094,69.35464597,69.20121447,68.50207795,69.26478522,71.26950352,72.78727131,73.06598082,70.3154806,72.75774294,68.53597544,70.76081174,70.32371409,71.56417063,70.2002691,70.16457403,70.20649101,69.1667393,68.06963608,70.14930183
Choi,34,285,61.2,65.9,1.77,45.8,26,24,2077775,86574,69.94393627,70.67818216,69.29215573,70.48597314,69.29936048,69.47381436,70.6965962,69.03049365,68.3765966,69.76210656,68.86824256,69.82566462,70.70596863,70.14189258,69.9441519,69.52315997,69.83725499,69.99000809,70.29736523,68.85647327
Duke,35,284.3,59,61.9,1.785,47.9,166,30,301308,10044,70.34569597,69.12064145,70.13320232,69.83352219,69.71118118,68.82263008,69.48138532,68.77929998,69.78868167,69.98685838,71.37698793,68.83098181,70.92041393,70.33306019,69.47966134,71.18685127,68.61247006,71.20689656,70.60226193,70.2061755
Perry,44,295.9,62.5,68.6,1.776,45.8,30,23,1952043,84871,70.58551349,70.2210106,70.34541516,69.8229514,71.08690479,70.85451857,70.99297161,70.16212246,70.35520893,68.4945991,71.15671718,69.44567533,68.63410959,70.12209623,69.06911179,69.90853811,70.99553876,69.00401484,70.20922902,69.07629229
Jones,37,286.4,69.8,67.4,1.776,46.5,119,32,674910,21091,70.72343762,67.50003986,70.88510024,70.10594053,70.28149722,69.76463646,70.12510755,69.93217554,68.22624605,70.20553073,69.86100199,69.73403543,69.89342358,69.1777309,70.78557608,70.47228264,70.68288742,70.25120413,71.68695937,69.67546966
Muncrief,28,290.7,56.1,59.1,1.823,47,244,21,21660,1031,68.21445836,69.68402029,69.84895233,68.89635916,70.64403353,71.89905548,69.57090203,69.18679306,71.07979652,70.03653663,69.42045057,69.52306856,68.54353762,71.09083567,70.35982008,68.81449016,71.16998549,70.8346316,70.99920688,70.17025821
Na,21,280.1,68.7,63.4,1.775,49.7,87,32,901159,28161,70.31833175,71.68135193,71.08538814,70.97390968,69.28752208,71.19345282,69.78972645,70.57752828,70.06129567,69.1533925,69.2225436,68.57392,71.00653806,71.44439405,70.69405423,69.54156517,68.69962179,70.86813353,69.73685909,70.78835778
Sutherland,40,286.1,67.1,63,1.799,53.7,85,27,928759,34398,69.70017545,69.89655222,70.82323114,69.97306963,69.8814791,69.16068041,69.69545408,70.65773528,70.78892633,68.32791001,69.78846384,70.22684393,70.35070807,70.40804911,69.81896524,68.7038246,69.47260053,70.85974145,68.97847006,69.98298545
Triplett,42,279.1,72.1,67.7,1.752,49.3,38,24,1566426,65268,70.08586495,69.79090625,69.35899093,70.01630824,70.32371564,68.62819545,70.053597,70.21279565,71.24142372,70.77502397,70.05766364,69.34739638,70.68720596,69.58366447,69.55669202,69.74542355,71.56681426,70.52890686,69.41661424,70.37401903
Cox,31,299.1,59,62,1.808,41.9,190,26,205171,7891,72.24273157,70.43692665,70.73755641,69.57742015,70.00848331,69.93049912,68.92384313,70.5169635,69.41775001,68.72071971,69.53748819,69.29423313,68.60167297,68.94487174,72.02807095,71.36197733,70.18606188,69.40648468,69.48056837,70.22364177
Janzen,40,286.1,62.2,67.8,1.781,51.5,96,25,837482,33499,68.81185347,70.55690794,72.26457689,69.91868992,71.77322272,70.08794924,71.9622437,69.98430506,70.29507107,68.96238836,69.86046246,71.2793886,68.96487878,68.68571342,70.5702871,68.25875515,71.4439889,70.79677564,70.46535766,69.43266643
Mattiace,37,278,67.2,59.1,1.792,60.2,188,25,213707,8548,68.59075822,70.61744006,69.46225556,70.43205551,69.99371177,71.15122386,71.00786323,72.1203472,70.91337804,70.80270712,69.2286675,70.58355924,71.65701744,69.63479015,72.40696887,70.63203363,70.64032193,70.2942335,68.74849525,72.13099983
Roberts,49,269.1,69.8,66.6,1.738,59.3,78,22,998677,45394,69.88467374,69.36234591,71.73902005,70.60294269,71.00978163,70.25560369,69.04165114,70.23829071,68.88365066,70.87129742,71.72594643,69.24463891,70.10872608,68.77452436,70.08866381,68.39024896,69.93720392,67.75743572,70.89809232,72.0879112
Glover,25,303.4,64.4,67.5,1.797,48.4,134,30,557454,18582,67.77270704,69.91658863,68.97578239,69.05516895,70.54339558,69.54655972,69.70228146,70.27288337,71.50313955,70.31168906,70.73031203,69.52069889,69.88524245,68.5921928,68.54098455,70.20469181,68.6756209,69.71836293,70.2131006,70.36515899
Donald,27,279.8,69.6,69.4,1.791,52.2,35,21,1646267,78394,69.83315326,69.80873824,69.02288383,70.65895636,70.04955647,71.86078468,70.04422694,70.86928391,69.79111682,69.90553138,69.87182772,70.60481681,70.9578123,71.10848811,70.40121905,70.6426482,70.91473846,70.41602373,69.76064455,68.54939479
Brooks,43,273.8,66.8,59.8,1.796,43.5,173,31,264076,8519,69.06547927,71.90059027,70.82674534,68.77797825,68.27130231,69.1079905,71.2372771,69.75698732,72.34133561,69.37051449,69.53423543,69.09276456,69.74124546,70.46791724,69.76337522,70.54031278,68.6355697,68.3187023,71.37528528,68.56971582
Calcavecchia,44,291.3,64.5,64.1,1.765,52.3,112,24,717876,29912,70.50837601,72.83430516,69.67977867,69.99934181,70.61071234,67.7211278,70.04014487,70.94552321,70.59746606,70.00063026,71.122708,68.23043284,69.25514973,69.4613048,70.86587831,70.71043672,68.3796702,70.13213857,69.69531613,69.78944275
Hensby,33,284.6,67.7,63.3,1.738,54,15,29,2718765,93751,69.98503909,69.5740646,69.65080194,69.87844083,68.84399541,68.52227812,68.86716615,68.97844671,71.34286334,71.30389332,70.00218737,70.32653809,68.91591428,70.49988888,67.96239939,71.53141457,68.89307814,69.3073011,69.49339818,69.2470242
O'Meara,47,272.9,67,62.5,1.768,53.7,135,17,543866,31992,69.49143267,67.43822134,71.29247505,70.84011971,69.02993497,70.82313434,68.73631905,70.22295102,71.21257915,71.18292546,68.41357382,70.41024308,70.45483375,70.94291376,71.33924575,70.1237865,70.28858643,70.28695879,69.56371402,70.5047987
Wilson,30,282.1,72,68.9,1.788,48.1,167,19,300317,15806,69.87996941,68.17925849,68.88667657,69.02755484,68.71643419,70.13234164,68.34155566,70.68421857,70.29836434,69.67745712,70.51208957,69.19824238,70.22576543,68.9191959,69.55788665,70.48448714,69.33621649,69.96152588,70.95079048,68.90914383
Gronberg,34,292.1,58.5,63.2,1.811,43.9,132,32,565013,17657,70.15304769,71.64502585,69.97735195,69.73743554,70.3486647,70.96483784,68.21029021,69.1896291,69.80027989,69.22667936,69.71505237,70.41796611,70.86466734,70.60537282,71.13507731,69.00002184,69.85310308,69.5278729,69.97565307,68.7047243
Gogel,33,285.6,68.5,63.2,1.749,53.3,98,25,817117,32685,69.7460878,69.25258205,71.43539565,69.09597541,69.39273215,70.51298072,70.62404341,69.04837651,69.2407061,70.63008887,71.34159074,70.126259,68.88650707,70.33392782,70.98557435,68.79205451,69.90028798,70.1128408,69.92705762,70.72726436
Kuchar,26,287.3,64.4,65.3,1.795,46.6,139,28,509258,18188,69.18613754,70.25429478,69.14011685,71.01865801,70.48126122,69.66840037,69.19754798,70.21509512,69.47391965,71.87903672,68.66154365,69.39058696,68.96357602,71.80668725,70.75112901,67.77678064,69.25300966,69.24550111,70.23655683,69.77152019
Allen,45,291.1,56.5,64.2,1.763,48.9,88,28,882872,31531,70.25591443,69.80412046,69.21702191,69.19094605,71.10242011,70.36552831,69.63549362,70.78377586,72.55527305,70.70340901,68.90147902,69.62973915,70.27574873,69.86996592,69.49096192,68.64476159,69.91092212,67.74332591,70.5991434,69.1966514
Heinen,37,305.2,62.7,62.8,1.79,31.8,195,17,166185,9776,69.87927447,69.81860704,69.14646169,69.39286142,70.52848743,69.62466637,70.20923081,70.08354626,70.00303857,69.67969793,70.13407789,70.13347776,70.23374091,69.47137294,70.03574391,68.59734866,68.31337818,69.57524922,69.41098681,69.78459983
Weir,34,282.1,64.1,65.1,1.749,53.7,14,22,2761537,125524,70.5834263,71.11331782,69.76711715,70.34461714,70.04537916,69.95436937,68.40333703,71.12500466,69.83828939,71.77468566,70.71804011,68.33709837,70.51269846,70.16423816,71.0513248,69.26979528,69.72659865,69.50575023,69.38971477,70.59394651
Lancaster,42,291.6,57.6,65.2,1.781,52.4,113,33,701240,21250,71.5319609,71.00696866,70.96371606,69.17716022,70.41272428,70.07011381,70.47060378,70.46381263,69.16742004,68.25218097,69.08309183,69.2399895,69.68281476,70.89834844,70.14718173,71.01994354,70.16065595,69.96166772,68.71635141,69.15402983
Price,47,272.8,68.3,59.1,1.746,58.7,103,15,796086,53072,69.88333194,69.78032281,69.62035531,69.80505459,71.25949541,70.55100463,70.3994044,70.35477019,68.58629263,70.10789524,69.68051824,71.24273575,69.79563689,70.63138728,71.90106272,70.10716845,69.27232078,71.18642616,69.69574305,71.8555065
Fasth,32,289.1,61.6,61.5,1.806,40.7,172,22,265424,12065,70.21068237,70.10608577,71.38208612,69.8471265,69.31211872,71.32423021,66.95063209,70.9640825,70.84738099,70.3492459,70.34120775,70.89763358,68.86345644,69.30834209,71.07735987,69.20971638,69.27118686,69.42163489,69.22188962,70.48543852
Begay,32,285.8,69.5,66.2,1.771,44.2,129,23,583537,25371,69.65733283,69.20034472,69.99365557,70.80056779,70.20005296,70.66617495,70.02968734,70.51291132,69.25608264,68.69631524,70.56429338,68.44687067,69.74323794,68.82940599,70.06889228,70.28920474,71.49604283,69.83111268,69.53944597,68.21577783
Browne,45,281.9,73.5,68.9,1.775,47.8,127,30,597034,19901,70.05708253,69.12282271,70.87499986,72.58113931,69.87813233,69.75608035,68.82714122,71.07865085,72.2946185,71.6069702,72.08005239,69.93587853,69.25770885,70.99743832,69.53158859,69.72381763,69.89499549,68.2824348,72.93036604,71.27691963
Uresti,36,272.2,73.1,62.6,1.813,56.8,163,28,345798,12350,70.09674236,70.65791282,70.36207404,70.90441244,68.20582646,69.57493321,68.78348738,66.97194701,70.52488041,70.59787167,70.08223249,69.95127438,70.40265682,70.504296,70.75184966,69.99924866,71.86235812,70.4106817,69.42819247,70.29135124
Bates,35,275.5,69.9,66.3,1.803,45,168,32,299385,9356,69.88681367,69.5258848,70.95257016,69.97708063,68.43630342,69.87686919,70.86715727,68.58255278,71.92416275,69.03984941,68.5437718,67.90286949,70.33512508,69.44988014,70.52236772,70.59459764,69.90418808,70.11665213,69.3112803,71.51844801
Perez,28,291.4,65,66.2,1.78,51.1,111,32,723724,22616,72.46220304,71.25094963,70.13413276,70.07744037,69.54418845,69.6002241,71.59349877,70.67907357,71.84062296,69.54646673,69.7205928,69.80965503,69.37095708,69.22075996,68.07921759,69.23000169,69.74437253,69.86183129,69.24526648,69.91337729
Sheehan,35,290.3,63,64.9,1.759,43,63,33,1234345,37404,71.6554597,69.85915103,69.63102259,69.37668101,69.6394686,69.98076571,70.03973244,70.24557007,68.45439428,69.6650341,69.8637863,70.12754706,72.41810394,69.92772124,70.49116842,69.33869949,69.5981307,69.34180331,68.22072259,66.8163713
Azinger,44,285.1,57.6,63,1.745,51.7,126,23,601438,26149,69.83306752,70.17940261,68.50322049,70.18356866,69.80074425,70.56757785,70.83269545,70.02680675,69.68221467,69.63083191,68.42744576,69.22604709,69.41436019,71.26298157,69.32246409,70.42362444,69.53412659,70.57336237,70.02042031,71.40688215
Lonard,37,291.4,61.5,62.9,1.819,47.1,118,23,675189,29356,70.51798971,69.98116253,70.67726453,69.9474117,70.30925359,68.78407684,69.86628702,67.19499764,70.63945232,70.22936083,67.13653347,68.90028093,69.04534712,70.22598032,70.16897808,70.33656988,71.86003233,70.66092053,70.14179392,70.16005669
Mickelson,34,295.4,62.9,69.5,1.759,56.4,3,22,5784823,262947,69.88634569,69.7906506,69.33672131,67.91463505,68.90294575,70.29158949,70.24557723,70.8321381,69.45146607,71.25720292,68.19278665,70.11938321,69.3529726,69.75365601,71.24928984,68.30427952,68.22350032,69.62562999,69.05679733,70.81615885
Goosen,35,294.2,62.5,68.7,1.743,54.6,6,16,3885573,242848,69.599163,69.6653626,71.67890223,71.13251389,70.3865978,70.18789302,69.97878633,70.32893793,70.15665569,70.46524993,70.6859096,68.94858839,69.67919543,69.61459993,69.12172332,71.17464682,70.48146243,69.25136804,69.49891855,70.58169338
Barcelo,29,293.1,59,64.4,1.797,35.3,186,26,223597,8600,69.66667969,69.17426223,70.43988835,70.86893724,71.14926019,70.53178573,68.83664529,70.26627325,70.49456916,70.1424459,70.11662346,70.50840532,69.20866392,69.85475827,69.36135077,70.35089599,68.6521676,69.73513744,70.11766249,67.79574947
Beem,34,296.7,61.7,63.7,1.814,56.4,183,28,230499,8232,69.7032952,69.53433062,68.82091391,72.39083259,69.59270773,71.06599567,69.80657721,70.1888293,71.19052369,70.41589416,70.96002974,70.34475847,70.34477489,69.68997052,69.29272879,70.24738475,67.7684183,69.53797903,69.05683554,69.97851421
Johnson,28,283.4,69.3,64.5,1.758,50.8,148,32,461184,14412,69.27919054,70.53749399,69.3099796,71.70249312,69.86622388,69.76833381,70.45155259,71.88936188,69.23448761,69.12321845,68.79225122,69.01143219,69.56556988,71.5842451,71.98881618,70.89578411,69.97208915,70.25989037,70.52313139,68.87829473
Allenby,33,294.9,65,70.3,1.798,46.5,44,26,1513537,58213,70.40814916,69.19183571,70.75255218,69.48693923,71.66748549,69.41399772,69.43549542,69.78495233,69.04738525,69.90174204,68.97254649,71.0188457,70.86944043,70.68948105,69.52180598,68.90033021,71.30919468,70.05695922,69.18512272,69.85306786
Damron,32,277.2,70,63.8,1.792,49.4,84,28,933389,33335,68.54994272,70.83331857,70.23256127,68.03940431,69.83001558,69.82568797,68.63710286,71.34573652,69.36820114,71.87834164,69.88416486,69.78278553,70.56929639,69.3605972,69.4719597,69.09318494,70.73027081,68.91430184,70.32412031,69.50053372
Gamez,36,288.1,65.2,65.7,1.767,48.3,110,31,725369,23399,70.26113271,69.70992225,70.18217005,69.17918754,70.35033873,69.68536081,68.7163865,70.02139417,69.21222036,70.92655528,69.57473433,71.02693929,71.2054811,69.05063673,68.50046785,71.67639002,71.0209996,69.96911959,70.17233966,69.13746816
Mediate,41,283.4,69.9,65.5,1.8,45,176,19,257692,13563,69.60370489,68.92887267,67.99137687,68.86374106,70.21794521,69.18129432,70.2163182,70.5528878,69.63626041,69.59830485,69.49317736,70.16465884,69.63473879,72.35231997,71.16888159,70.48374661,70.09487017,69.29316257,69.57180708,69.25815985
Pampling,35,292.1,59.8,66.1,1.763,58.9,31,26,1737725,66836,70.82764608,71.3630696,69.48886034,69.55524532,71.30773981,70.58286926,70.02948427,68.01509673,69.41740602,70.4451579,70.96090686,68.04268578,70.44785376,71.18181423,68.77295209,71.49112701,67.17526458,67.85082882,69.05522964,70.5144708
Tambellini,29,297.8,59.2,63.2,1.796,49.3,181,28,234164,8363,68.91985207,71.2269842,69.97170855,72.18173892,72.67152339,69.6492554,69.74579523,67.47451229,70.67271632,71.11355179,70.31537415,70.18273128,70.45164702,72.23506844,69.45931079,72.67865549,69.93454559,69.23338405,69.69477078,68.71817935
Thatcher,27,293.1,64.8,68,1.811,42.3,177,23,247987,10782,69.76964399,71.32838752,69.33500184,73.1537157,70.00495174,68.61465043,70.28986604,68.95812752,69.29413049,69.57385554,70.15434082,69.58225365,70.03594227,69.09932999,71.7743631,72.09180422,68.70862907,69.03641938,72.00056,69.94401863
Sabbatini,28,292.2,59.2,64.9,1.792,48.9,16,26,2500397,96169,70.03458595,69.63197535,69.43999159,69.60447891,68.85188666,70.56709382,69.4949152,70.07785995,69.38201651,70.01252996,70.27632286,72.20381808,70.28660002,71.25767452,69.69731711,69.63388609,71.34153871,70.10359415,68.32876338,69.50881859
Cochran,46,280.3,65.4,63.6,1.791,45.7,194,25,185108,7404,70.45996905,70.2275901,71.08123617,69.74441511,70.53324865,69.57593786,70.40827834,69.91801904,71.18606201,69.94674739,68.37762495,71.53388682,70.30756881,69.91155005,69.7311535,68.95444061,70.33116298,67.89439796,70.8521958,71.62840822
Palmer,28,295.6,63.2,65.5,1.768,51.3,37,33,1592344,48253,68.78295736,69.06690703,69.80573428,70.85842551,71.34997778,70.34601802,70.99772874,69.41129985,70.1216308,68.52767799,69.49031615,69.19454295,69.90129196,69.97197827,69.7176256,71.60414959,72.11627387,71.78811418,69.2909045,69.83311374
Hend,31,312.6,54.1,62.7,1.806,49,136,29,531263,18319,69.68313473,71.32560216,70.46191427,69.85789156,69.85430319,68.81343202,70.18174778,71.03408833,69.96744143,70.43126115,68.98556813,70.85571743,70.27917901,68.12300836,70.23921432,70.71999132,69.97077895,70.09861494,69.34189264,71.11311299
Hoch,49,280.4,68.8,68.6,1.786,50,60,17,1239360,72904,69.25221185,70.20998345,72.88524988,70.09656773,68.77096099,68.55719202,70.41895412,69.93438552,70.80584035,70.40404323,70.43166566,70.08008886,69.70425119,69.27063413,71.66539521,69.36377143,70.41312825,68.56142301,70.8394937,70.65998294
McCarron,39,294.1,64.9,65.4,1.772,49.7,105,27,790720,29286,69.2211291,71.0387501,70.80792263,69.05139444,69.20174872,69.5985171,68.87743802,70.04345165,70.81183879,69.19795001,70.35579394,70.66870999,70.37260561,69.4023427,69.95618855,71.53131045,69.7727269,71.8056142,69.00402173,71.55951843
Simpson,49,278.7,70.7,62,1.8,51.2,192,18,190986,10610,70.77376287,70.89458223,70.11804579,68.90902929,70.77350481,70.0750798,71.94930646,71.01105188,69.43688832,68.1813838,70.12422387,68.67941154,69.13068995,70.20081833,69.09947591,69.2560089,69.54817338,71.06653411,70.03181601,69.86965341
Verplank,40,278,77.1,68.5,1.743,47.1,20,24,2365594,98566,71.60071023,69.25540076,70.20044965,70.27004258,70.30384662,71.685599,69.02455472,70.57057579,69.71383856,69.21766353,70.84660343,70.51542467,69.42115859,70.71016914,69.92015794,70.7211626,69.77357042,69.56038094,71.70453362,71.5847059
Garcia,24,295.1,58.5,70.8,1.79,48.1,9,18,3239216,179956,69.36227385,71.31993332,71.53133551,69.58447284,66.77402645,69.03085778,69.71505239,68.41268046,70.43132875,69.81148789,71.03097653,70.43541137,68.91762812,69.09799073,69.78645148,68.3354342,71.67393402,68.04446432,70.54098041,71.07645907
Micheel,35,287.5,63.1,67,1.793,47.2,82,27,949919,35182,68.89224167,69.58686232,68.67192316,69.62184045,68.66665297,69.80726189,70.65355709,69.62055714,69.41365851,67.98877351,69.88383561,69.7618848,68.05172859,70.35260716,71.48658082,69.56936306,68.36081925,69.26759188,72.32329898,68.59074101
Maruyama,35,280.1,63.7,64.6,1.746,49.4,23,26,2301693,88527,69.37370835,71.42114513,70.25248685,68.59682472,68.83457272,69.65265285,70.29716374,70.96169754,70.52867692,70.19997099,71.56186579,71.36531407,72.26903206,68.51794987,70.35521571,68.65566566,69.28556473,70.59250486,68.83936853,67.84556922
Kendall,40,281.3,68.2,62.7,1.767,48.3,64,29,1206440,41601,70.85643135,69.3273103,69.709191,69.91652675,71.15240062,71.49219152,70.77472864,68.6098373,70.22805859,71.35370167,69.77273857,69.01930191,68.46737764,69.42351072,71.44825851,70.39525778,71.58704432,70.39504673,70.99314404,71.21481526
McRoy,36,281.5,67.1,64.9,1.81,45.8,159,33,374187,11339,71.40279438,71.04011991,70.39401191,69.77739096,70.42966109,70.13546415,68.28606493,68.99430478,70.31031,69.44601246,68.72489004,71.06545966,70.95345708,70.1562848,68.33346002,68.78484157,69.48566753,68.0815206,69.42490809,71.17537792
Ames,40,287.9,65,68.4,1.755,54.5,8,27,3303207,122341,68.47479051,69.41399196,70.52514758,70.60303334,70.2465429,70.54348341,68.26567464,70.37595969,70.87949672,70.44856783,70.21060078,71.98017831,70.04133594,68.98936996,69.96142347,67.95194084,69.39960184,69.94332466,70.71636339,69.08892334
Leaney,35,282.3,64.8,64.8,1.805,55.3,68,24,1166560,48607,71.10356374,70.19929508,69.06632217,70.75021918,70.63553393,71.14430837,69.54065782,72.24268683,69.68859107,70.3794731,71.92328753,69.61920854,70.00656362,72.00287317,71.61797973,71.12722606,69.18254781,70.10445604,68.54197112,67.78837212
Allan,31,301.2,59.3,66.8,1.795,48.9,121,33,648480,19651,69.81850006,69.42336694,69.28323944,71.47798402,70.30717182,70.04248083,70.78444524,69.50379488,70.34328516,69.25177277,69.75572569,69.79983717,68.26867752,69.36139043,68.47902452,71.02509081,68.24130906,66.75705745,69.7006201,70.1481693
Elkington,42,287.1,68.2,66.1,1.796,49,179,20,243239,12162,69.42013089,69.99696692,70.10578584,68.94951471,69.16494314,70.85964114,72.09298494,71.21836895,69.34496295,67.7432539,69.05538446,70.27926506,69.53816366,69.51853055,67.88043529,69.68133766,69.96828808,70.62764442,71.31552566,69.4865841
Flesch,37,279.9,65.8,65.8,1.763,49,18,31,2461789,79413,69.34474126,68.93716729,68.65861885,69.11764558,69.37327789,68.53896443,68.79619014,71.82701597,68.21032076,70.25107701,69.50189311,70.84471233,71.15349992,71.04977123,69.62185723,70.52564131,70.57105547,70.26177996,70.3492534,69.45205823
Lowery,44,288.8,58.3,63.9,1.769,43.8,66,28,1191245,42544,71.02671032,69.10174497,70.75296593,70.07243585,68.56744008,69.88155727,69.68117405,69.88259642,69.00717389,69.08276771,69.54795,70.53323669,71.16796523,70.59500944,70.60474417,71.02306713,68.27837534,68.24347181,70.96255776,71.62031522
Pate,43,283.5,64.8,65.1,1.797,48.5,191,24,199569,8315,67.61900486,71.41333605,69.38376758,69.60202667,69.92369812,70.41418294,70.15453381,69.04705729,68.73163791,68.90077865,70.7459625,71.01576565,70.6057455,68.29995233,71.11477294,69.03151078,69.96068559,69.71812085,70.54211398,71.14138844
Stricker,37,281.8,52.7,59.3,1.745,48.8,151,27,440906,16330,71.13368283,68.99328112,69.85753793,70.21883988,69.38486622,70.19848699,71.84884183,69.66670768,68.91000991,70.39392552,69.43513525,69.79767443,67.96919623,68.71207715,69.50978401,71.21761487,70.95796758,70.42763144,69.80277377,70.81714733
Cink,31,290.5,58.7,66.4,1.723,56.1,5,28,4450272,158938,70.56901904,71.4860166,70.06081539,71.73975493,69.43313934,70.15673496,70.47819264,69.65601044,71.68266198,70.33964158,69.65025731,69.43798325,69.78766783,70.94756456,71.61051596,71.01623187,70.84028843,69.00127618,71.99127085,69.55396858
Appleby,33,293.2,62.5,65.1,1.764,51.4,13,25,2949234,117969,69.55802695,69.73303683,68.92830717,69.96076114,70.49558774,71.66782958,69.60632851,69.65378427,72.15253443,69.761715,70.18795909,70.46525306,69.61693531,68.98029853,70.15557367,69.96336496,68.30942531,70.15603103,69.5306999,70.03524431
Ridings,30,301,56.4,64.2,1.751,49.4,125,18,623262,34626,70.43882564,68.29030675,68.03101671,69.50304525,71.72132088,69.62406431,70.61147852,70.3507783,69.04107551,69.8302765,69.66492608,70.16374169,70.65488185,68.98490225,70.74772674,70.64916227,70.43525319,69.98239293,70.07512013,71.06549205
Purdy,31,289.2,70.1,67.4,1.769,46.6,36,35,1636876,46768,68.74425974,68.75406879,70.20519748,71.16984777,71.82892446,70.1958413,69.26219842,70.4557183,68.15664415,69.21805266,71.08763391,70.25407937,70.37621329,70.65069668,70.50010176,68.80379797,68.84275624,70.67134767,71.31312199,69.73605672
Woods,28,301.9,56.1,66.9,1.724,53.5,4,19,5365472,282393,68.72299103,70.23810581,69.28655633,70.17876092,70.87835002,70.47022318,69.82088826,69.73909667,71.75112417,68.84393213,68.46855663,69.60925953,70.16850256,71.67736412,69.0873283,68.87520992,69.24475553,71.63997726,71.52291704,70.06863611
Clark,28,278.8,72,65.8,1.764,53.3,71,26,1108190,42623,71.15064664,69.68151471,70.48836859,69.49387381,69.96712199,69.90720104,69.01705746,70.48776082,69.56166661,70.03779476,69.17499689,67.88432038,70.10147647,71.10524405,68.45809709,69.64184036,71.03089051,69.0081398,71.54357156,68.35211045
Herron,34,293.8,58,65.1,1.787,47.8,32,26,1727577,66445,70.67818395,67.92531684,71.33521544,70.11357149,70.31691932,67.58969481,70.79090024,68.34987585,70.19891731,71.12212292,69.92370995,69.28356763,69.55365701,69.66851693,70.31978047,68.6205211,70.09759519,72.37385151,70.36373161,69.03168584
Petrovic,38,287.2,63.6,63.4,1.776,49.2,65,32,1193355,37292,70.17528772,68.85537646,71.02983908,70.10975238,71.019049,69.05629121,69.67560229,68.69169883,70.38281721,69.79313707,71.1624693,71.54487121,70.17496446,69.85184434,69.31104236,70.70230897,69.69552289,69.03200583,69.62287528,70.33415184
Fischer,35,280.1,61.7,63.9,1.769,46.7,94,33,847996,25697,69.55894289,70.63726941,68.89725335,69.78510506,72.40476309,70.45509569,71.66894826,70.1650703,69.98358088,69.66943547,69.99618619,71.30541122,70.22415975,70.23298085,70.21806107,71.67510338,69.42524943,71.58794446,70.30232548,70.83741529
Hamilton,39,283.5,58.7,62.7,1.774,44.6,11,27,3063780,113473,69.72365688,71.03038481,69.06454961,68.22387735,69.03172808,67.64654385,69.08862257,68.51469285,69.95088102,71.60161497,71.46461024,70.81045727,71.32378258,69.7032373,70.92970229,70.92957264,70.23687957,68.11981774,71.52185356,69.6413801
Byrum,44,272.6,74.7,63.7,1.776,52.5,91,25,873140,34926,70.77245414,69.90339144,70.41891707,68.10093001,70.59642945,69.10922024,71.27953019,71.26150547,69.52140705,71.78157986,71.11877755,69.70725217,71.85921154,69.0926561,68.51324026,71.65330065,70.99460613,69.96870445,69.98884437,70.88306499
Carter,36,296.5,55.1,62.9,1.79,42.7,158,35,395782,11308,71.98787755,68.74383317,70.81842272,69.50366695,70.46301248,70.62908334,69.12854586,69.80421435,69.64154474,70.3211158,68.47030188,68.91962638,70.43210929,70.82760908,71.2502576,69.19188125,71.2309869,69.97815297,67.94312975,69.14459788
Lehman,45,287.2,69.7,71.4,1.778,44,53,19,1343278,70699,68.42369048,69.27847846,70.61745801,68.03397992,70.68503701,68.67243758,70.51230291,70.16127941,67.25545234,70.10622544,71.31997601,70.41607951,70.59111073,69.10310404,67.7579894,70.04143338,70.41096979,69.3621624,69.1978846,71.44521999
Pernice,45,286,68.2,66.8,1.778,55.4,47,31,1475273,47589,70.43726347,68.30251904,69.74064358,68.26990904,70.34129526,70.21745158,68.59964731,70.13802686,70.98384322,70.63970591,68.608458,70.68537564,71.67982656,69.03612153,69.38247302,69.75923162,70.24626078,71.95224943,72.69384812,68.33431154
Armour,45,290.5,62.4,64.3,1.807,43.6,95,28,844636,30166,69.87827012,71.30137634,69.36141066,70.11131263,68.71281926,71.48892887,68.9927884,69.75598028,68.65875631,69.29865298,69.36158975,69.94664141,68.71929872,71.32738021,69.82068853,70.23428496,69.09832007,71.31528164,69.53797527,69.38282448
Tolles,38,287.8,54,61.9,1.776,43.5,201,25,151852,6074,70.12858347,69.60018196,70.73922851,69.95644546,70.4266376,69.5218714,70.51061927,70.18229384,72.11710556,69.70708692,70.50727738,71.36872292,69.83873821,71.20570714,71.22106782,70.00205692,69.66456209,69.49064932,69.34926927,68.151807
Isenhour,36,286.2,61.7,62.1,1.795,43.8,218,22,90699,4123,68.22488388,69.17572283,68.63617692,70.57935922,68.14791929,69.08730042,69.73798881,67.52951159,72.34283838,68.87454004,69.22679501,70.39808957,70.34847073,69.89548975,70.51718414,69.98694303,69.26323957,67.81764035,69.04424009,69.36986381
Taylor,28,292.5,65.1,68.4,1.761,41.9,67,27,1176435,43572,69.41606201,70.64933483,69.79131412,70.20622853,70.5572559,69.15102999,67.99681664,68.31807905,68.71580931,70.01245952,69.56313142,70.99622572,69.09102067,70.0606074,70.04489815,69.63236938,70.18933911,68.98005129,69.95814283,68.27040984
Singh,41,300.8,60.4,73,1.757,50.9,1,29,10905167,376040,69.34154572,70.09055128,69.27733582,72.24432338,68.87648113,69.33410797,71.03980549,69.64870403,70.19922237,68.78410192,70.83959422,70.94799204,70.90106051,70.26742059,70.69054492,69.57066775,71.00263872,68.38060747,70.4402512,68.71709578
Austin,40,291.3,63.3,68.1,1.775,46.9,45,29,1495982,51586,71.95867477,68.8253852,67.99325793,71.2510361,69.39273016,69.89183695,70.56472062,71.33789837,70.31670371,70.09619797,69.21243073,70.95300558,69.23746744,68.98869031,69.2820895,72.50404556,68.83609535,70.27803934,68.28238751,69.1941339
Johnson,28,285.6,71.9,67.9,1.751,45.3,19,30,2417685,80590,67.65641367,70.18486176,70.27863691,70.46005208,69.59428539,70.43921187,70.20947423,69.51651856,71.06893276,70.33159746,70.34730923,68.66107161,69.85526254,71.57303618,71.13424647,71.09823217,70.89158153,68.9866438,70.02856631,69.63158176